<?xml version="1.0" encoding="UTF-8"?>
<project-private xmlns="http://www.netbeans.org/ns/project-private/1">
    <editor-bookmarks xmlns="http://www.netbeans.org/ns/editor-bookmarks/2" lastBookmarkId="0"/>
    <open-files xmlns="http://www.netbeans.org/ns/projectui-open-files/2">
        <group>
            <file>file:/E:/przedmioty/JwIiUM/javaprojekt/HuffmanCode/src/Model/Frequency.java</file>
            <file>file:/E:/przedmioty/JwIiUM/javaprojekt/HuffmanCode/src/Model/HuffmanCode.java</file>
            <file>file:/E:/przedmioty/JwIiUM/javaprojekt/HuffmanCode/src/Model/Comp.java</file>
            <file>file:/E:/przedmioty/JwIiUM/javaprojekt/HuffmanCode/src/Controller/Controller.java</file>
            <file>file:/E:/przedmioty/JwIiUM/javaprojekt/HuffmanCode/src/Model/Node.java</file>
            <file>file:/E:/przedmioty/JwIiUM/javaprojekt/HuffmanCode/src/Main/Main.java</file>
            <file>file:/E:/przedmioty/JwIiUM/javaprojekt/HuffmanCode/src/View/View.java</file>
            <file>file:/E:/przedmioty/JwIiUM/javaprojekt/HuffmanCode/src/Model/HuffmanDecode.java</file>
        </group>
    </open-files>
</project-private>
